{
  "epoch": [
    1,
    2,
    3,
    4,
    5
  ],
  "loss": [
    -0.2398704747358958,
    -0.5487253586451213,
    -0.7067713300387065,
    -0.7512781421343485,
    -0.801288906733195
  ]
}