{
  "epoch": [
    1,
    2,
    3
  ],
  "loss": [
    0.6646335740884145,
    0.6877440373102824,
    0.5028324802716573
  ],
  "accuracy": [
    0.5666666666666667,
    0.6333333333333333,
    0.7333333333333333
  ],
  "f1_score": [
    0.6888887921969096,
    0.7111110289891561,
    0.7777777194976807
  ],
  "val_loss": [
    0.5739828944206238,
    0.6087369583547115,
    0.5733233392238617
  ],
  "val_accuracy": [
    0.6875,
    0.5625,
    0.6875
  ],
  "val_f1_score": [
    0.7499999403953552,
    0.624999962747097,
    0.791666604578495
  ]
}